Code,Decoder Time (s),Memory Usage (KB)
Shor,2.0360899998195237e-05,0.3515625
Steane,1.8488900059310255e-05,0.3203125
Surface,0.0007207501000266348,4.3787109375
