Code,Decoder Time (s),Memory Usage (KB)
Shor,1.9062100091105094e-05,0.3515625
Steane,1.8245900037072715e-05,0.3203125
Surface,0.0007743990000108169,4.3837890625
