Code,Decoder Time (s),Memory Usage (KB)
Shor,1.8750899926089915e-05,0.3515625
Steane,1.3770899977316731e-05,0.3203125
Surface,0.0007340507001117657,4.3357421875
