Code,Decoder Time (s),Memory Usage (KB)
Shor,6.628000001001056e-05,0.2890625
Steane,1.6176099870790493e-05,0.2890625
Surface,0.0008450181999251072,4.18662109375
