Code,Decoder Time (s),Memory Usage (KB)
Shor,5.732579993491527e-05,0.3515625
Steane,1.4664999935121158e-05,0.3203125
Surface,0.0008689678999871831,4.3892578125
